job_id,workload_name,profile,submission_time,requested_number_of_resources,requested_time,success,final_state,starting_time,execution_time,finish_time,waiting_time,turnaround_time,stretch,allocated_resources,consumed_energy
1,w0,100,1.0,3,151,0,COMPLETED_WALLTIME_REACHED,1.0,151.0,152.0,0.0,151.0,0.0,0-2,-1
2,w0,100,1.0,4,153,0,COMPLETED_WALLTIME_REACHED,1.0,153.0,154.0,0.0,153.0,0.0,3-6,-1
4,w0,100,30.0,4,149,0,COMPLETED_WALLTIME_REACHED,154.0,149.0,303.0,124.0,273.0,0.8322147651006712,3-6,-1
3,w0,100,23.0,4,146,0,COMPLETED_WALLTIME_REACHED,157.0,146.0,303.0,134.0,280.0,0.9178082191780822,0-2 7,-1
6,w0,100,35.0,2,147,0,COMPLETED_WALLTIME_REACHED,303.0,147.0,450.0,268.0,415.0,1.8231292517006803,4-5,-1
5,w0,100,34.0,4,150,0,COMPLETED_WALLTIME_REACHED,303.0,150.0,453.0,269.0,419.0,1.7933333333333332,0-3,-1
18,w0,100,88.0,1,150,0,COMPLETED_WALLTIME_REACHED,303.0,150.0,453.0,215.0,365.0,1.4333333333333333,6,-1
19,w0,100,89.0,2,149,0,COMPLETED_WALLTIME_REACHED,453.0,149.0,602.0,364.0,513.0,2.442953020134228,3 6,-1
8,w0,100,42.0,3,151,0,COMPLETED_WALLTIME_REACHED,453.0,151.0,604.0,411.0,562.0,2.7218543046357615,0-2,-1
7,w0,100,36.0,3,149,0,COMPLETED_WALLTIME_REACHED,455.0,149.0,604.0,419.0,568.0,2.8120805369127515,4-5 7,-1
11,w0,100,58.0,2,150,0,COMPLETED_WALLTIME_REACHED,602.0,150.0,752.0,544.0,694.0,3.6266666666666665,3 6,-1
9,w0,100,50.0,4,151,0,COMPLETED_WALLTIME_REACHED,604.0,151.0,755.0,554.0,705.0,3.6688741721854305,0-2 4,-1
12,w0,100,66.0,3,151,0,COMPLETED_WALLTIME_REACHED,755.0,151.0,906.0,689.0,840.0,4.562913907284768,0-2,-1
10,w0,100,55.0,4,152,0,COMPLETED_WALLTIME_REACHED,757.0,152.0,909.0,702.0,854.0,4.618421052631579,3 5-7,-1
14,w0,100,70.0,4,150,0,COMPLETED_WALLTIME_REACHED,909.0,150.0,1059.0,839.0,989.0,5.593333333333334,3 5-7,-1
13,w0,100,67.0,4,149,0,COMPLETED_WALLTIME_REACHED,911.0,149.0,1060.0,844.0,993.0,5.6644295302013425,0-2 4,-1
16,w0,100,82.0,4,150,0,COMPLETED_WALLTIME_REACHED,1060.0,150.0,1210.0,978.0,1128.0,6.52,0-2 4,-1
15,w0,100,70.0,2,153,0,COMPLETED_WALLTIME_REACHED,1059.0,153.0,1212.0,989.0,1142.0,6.4640522875816995,3 5,-1
17,w0,100,84.0,4,149,0,COMPLETED_WALLTIME_REACHED,1210.0,149.0,1359.0,1126.0,1275.0,7.557046979865772,0-2 4,-1
20,w0,100,93.0,3,150,0,COMPLETED_WALLTIME_REACHED,1217.0,150.0,1367.0,1124.0,1274.0,7.493333333333333,3 5-6,-1
